{
    "東京駅" : {
        "北緯" : 35.68103925 , 
        "東経" : 139.76687221
    },
    "渋谷駅" : {
        "北緯" : 35.6576647 , 
        "東経" : 139.70140706
    },
    "新宿駅" : {
        "北緯" : 35.68928492 , 
        "東経" : 139.69960462
    },
    "上野駅" : {
        "北緯" : 35.71402851 , 
        "東経" : 139.77728139
    },
    "池袋駅" : {
        "北緯" : 35.72919625 , 
        "東経" : 139.71073396
    }
}